{
  "metadata": {
    "version": "1.0",
    "description": "Configuration des prompts pour l'analyse de qualité des appels",
    "last_updated": "2025-06-28"
  },
  "prompts": {
    "base": {
      "bedrock_prompt": "Analyse la conversation suivante selon les consignes strictes ci-dessous:"
    },
    "conversation_analysis": {
      "resume_general": "Briefly summarize this phone conversation in 3-5 natural sentences. Mention the reason for the call, the agent's actions, and the outcome for the customer, without using generic phrases like \"After analysis...\" or \"As an expert...\".",
      "statut_resolution": "Analyze this call transcript and indicate simply with \"Oui\" or \"Non\" if the customer's issue was resolved by the end of the conversation. The response should be in french",
      "resultats_conversation": "Identify the concrete solutions offered to the customer in this transcript. Directly quote the passages where the agent explains these solutions, preserving the original language.",
      "probleme_client": "Identify the precise moment when the customer explains their problem or formulates their request. Quote their own words without rephrasing.",
      "necessite_rappel": "Is a customer callback necessary or was it promised by the agent? Answer only with \"Oui\" or \"Non\" or.",
      "action_agent": "List the concrete actions taken by the agent during this call in list of points. Start each point with an action verb without generic introductory phrasing."
    },
    "categorization": {
      "identification_sujet_template": "Analyze the call transcript and identify the main topic using 1-2 keywords from the categories below.\n\nKeywords by Category:\n{categories_list}\n\nExamples:\n{examples}\n\nOutput Format:\nReturn only the 1-2 most relevant keywords, comma-separated if using two and only in french.",
      "identification_produit_template": "Extract the specific product or service mentioned by the customer from the call transcript.\n\nProduct Categories:\n{product_categories_list}\n\nExamples:\n{product_examples}\n\nOutput Format:\nReturn the exact product/service name mentioned, including specifications (GB, duration, etc.) when provided.",
      "identification_sujet": "Analyze the call transcript and identify the main topic using 1-2 keywords from the categories below.\nKeywords by Category\nService Issues: billing, payment, network-outage, signal-weak, data-usage, mobile-money, airtime-transfer, service-suspension\nTechnical Support: connectivity, troubleshooting, ussd-codes, sms-issues, call-drops, network-registration\nAccount Management: sim-registration, sim-replacement, number-portability, tariff-change, account-balance, kyc-update\nProducts: data-bundles, voice-bundles, international-calling, momo-services, internet-packages, promotional-offers\nMobile Money: momo-transfer, momo-withdrawal, transaction-failed, momo-fees, agent-issues\nDevice/SIM: sim-blocking, sim-swap, device-unlock, phone-financing\nExamples\n* \"Ma carte SIM est bloquée\" → sim-blocking\n* \"Je veux acheter un forfait de 5GB\" → data-bundles\n* \"Ma transaction / Mon transfert Orange Money a échoué\" → transaction-failed\n* \"Mon réseau ne capte pas\" → signal-weak\n* \"Comment transférer du crédit?\" → airtime-transfer\nOutput Format\nReturn only the 1-2 most relevant keywords, comma-separated if using two and only in french.",
      "identification_produit": "Extract the specific product or service mentioned by the customer from the call transcript.\nProduct Categories\nData Products: forfait internet, bundle data, forfait illimité, internet mobile, wifi pocket, clé internet\nVoice Products: forfait voix, minutes gratuites, appels illimités, forfait international, roaming\nMobile Money: Orange Money, MTN MoMo, transfert d'argent, retrait espèces, dépôt argent, paiement factures\nBundles/Packages: forfait mensuel, forfait hebdomadaire, forfait journalier, pack étudiant, forfait famille\nValue-Added Services: SMS illimités, sonneries, jeux, horoscope, info trafic, météo\nDevices: smartphone, téléphone portable, modem, routeur, accessoires\nExamples\n* \"Je veux le forfait internet de 10GB\" → forfait internet 10GB\n* \"Mon Orange Money ne marche pas\" → Orange Money\n* \"J'ai besoin d'un forfait voix pour les appels\" → forfait voix\n* \"Le pack étudiant m'intéresse\" → pack étudiant\n* \"Mon modem 4G a un problème\" → Modem 4G\nOutput Format\nReturn the exact product/service name mentioned, including specifications (GB, duration, etc.) when provided."
    },
    "quality_evaluation": {
      "evaluation_politesse": "Did the agent maintain an appropriate level of politeness and professionalism throughout the conversation? Answer only with \"yes\" or \"no\". The response should be in french",
      "evaluation_qualite": "Identify any actions that remain to be done after this call, either by the customer or by the company. If no actions are pending, indicate \"No pending actions\".",
      "bilan_global": "Below is a transcript of a call between a customer service agent and a customer. Your role is to evaluate the agent's performance from a customer experience (CX) quality management perspective. Provide your response ONLY in JSON format with the following fields. The campaign objectives are: reducing call duration, empowering the customer, and guiding them to the fastest solution. json { \"resume_probleme\": \"\", \"resume_solution\": \"\", \"clarte_concision\": { \"valeur\": true/false, \"explication\": \"\" }, \"canaux_alternatifs_proposes\": [\"\", \"\"], \"repetitions_detectees\": { \"valeur\": true/false, \"exemples\": [\"\", \"\"] }, \"appel_trop_long\": { \"valeur\": [true si la durée réelle dépasse la durée optimale estimée, false sinon], \"duree_estimee_optimale_minutes\": [votre estimation de la durée optimale pour ce type d'appel, basée sur le contenu] }, \"issue_claire_pour_client\": true/false, \"suggestions_amelioration\": [ \"\", \"\", \"\" ], \"score_global_sur_10\": [score] } Analyze the transcript thoroughly before providing your assessment. Focus on: How clearly the agent communicated Whether they offered self-service alternatives If they repeated information unnecessarily If the call could have been shorter Whether the outcome was clear to the customer Specific, actionable improvement suggestions Remember the key objectives: shorter calls, customer empowerment, and fastest resolution path."
    },
    "post_call_survey": {
      "satisfaction_score": "Analyze only the following customer response to this question: \"Overall, how satisfied are you with the quality of service provided by our call center?\"\nCustomer response: [INSERT RESPONSE]\nProvide only a single number from 1-5 representing the satisfaction score (1=Very dissatisfied, 5=Very satisfied).",
      "time_adequacy_score": "Analyze only the following customer response to this statement: \"My request was handled within a reasonable timeframe.\"\nProvide only a single number from 1-5 representing agreement with the statement (1=Strongly disagree, 5=Strongly agree).",
      "assistance_adequacy_score": "Analyze only the following customer response to this statement: \"The assistance I received was perfectly suited to my needs.\"\nProvide only a single number from 1-5 representing the adequacy score (1=Not at all adequate, 5=Perfectly adequate).",
      "easy_of_resolution_score": "Analyze only the following customer response to this question: \"How easy was it to get a resolution to your request?\"\nProvide only a single number from 1-5 representing the ease score (1=Very difficult, 5=Very easy).",
      "net_promoter_score": "Analyze only the following customer response to this question: \"How likely are you to recommend our service to a friend or colleague?\"\nProvide only a single number from 0-10 representing the likelihood to recommend.",
      "satisfaction_verbatim": "Analyze only the following customer response to this question: \"What is the reason for your satisfaction?\"\nProvide only a single direct quote (verbatim) that best captures the main reason for satisfaction.",
      "dissatisfaction_verbatim": "Analyze only the following customer response to this question: \"What is the reason for your dissatisfaction?\"\nProvide only a single direct quote (verbatim) that best captures the main reason for dissatisfaction.",
      "resolution_status": "Analyze only the following customer response to this question: \"Has your request been definitively resolved to date?\"\nProvide only one of these three statuses: \"Resolved\", \"Partially resolved\", or \"Not resolved\".",
      "main_improvement_suggestion": "Analyze only the following customer response to this question: \"What could we improve in our service?\"\nProvide only a single direct quote (verbatim) that best captures the main improvement suggestion."
    },
    "advanced_analysis": {
      "conversation_analysis": "Act as an expert in customer experience quality analysis and call analytics. Analyze the following call transcript between an agent and a customer. Focus on identifying critical signals and Return ONLY this JSON with ALL VALUES in French: { \"risk_assessment\": { \"churn_risk_level\": \"Faible/Moyen/Eleve\", \"churn_probability\": 0-100, \"churn_signals\": [\"signal1\", \"signal2\"], \"urgent_callback_required\": true/false, \"callback_reason\": \"raison si true\" }, \"conversation_metrics\": { \"agent_talk_ratio\": 0-100, \"interruption_count\": 0-20, \"emotional_progression\": [\"emotion1\", \"emotion2\", \"emotion3\"], \"peak_emotion\": \"emotion principale\", \"peak_emotion_trigger\": \"declencheur\", \"dominant_sentiment\": \"Positif/Neutre/Negatif\" }, \"verbatims\": { \"critical_statement\": \"citation du probleme principal\", \"positive_highlight\": \"citation positive si presente\", \"improvement_request\": \"citation d amelioration si presente\", \"churn_threat\": \"citation de menace de depart si presente\" } } Use numbers for numeric values, true/false without quotes, 1-3 items per array, concise French text."
    }
  },
  "examples": {
    "subject_classification": [
      "\"Mon forfait Flexi ne marche plus\" → Problème Forfait",
      "\"Je veux souscrire au #131*6#\" → Activation Service",
      "\"Mon Orange Bonus expire demain\" → Renouvellement Forfait",
      "\"L'internet Home Infinity est lent\" → Problème Connexion",
      "\"Mon compte Orange Money est bloqué\" → Compte Bloqué",
      "\"Je n'arrive pas à faire #150#\" → Code USSD",
      "\"Ma transaction Orange Money a échoué\" → Transaction Échouée",
      "\"L'agent Orange Money refuse mon retrait\" → Problème Agent",
      "\"Mon forfait internet 24h est fini\" → Consommation Data",
      "\"Je veux activer OrangeWorld\" → Activation Service",
      "\"Mes appels Orange-Orange se coupent\" → Appels Coupés",
      "\"Comment payer avec Orange Money?\" → Information Service",
      "\"Ma ligne Orange Perso ne capte pas\" → Signal Faible",
      "\"Le service client 8900 ne répond pas\" → Contact Support",
      "\"Mon forfait mensuel s'est arrêté\" → Expiration Forfait"
    ],
    "product_identification": [
      "\"Je veux le forfait Flexi personnalisé\" → Forfait Flexi",
      "\"Mon Orange Bonus journalier\" → Orange Bonus Journalier", 
      "\"Le forfait internet classique 3 jours\" → Forfait Internet 3 Jours",
      "\"Home Infinity pour toute la famille\" → Home Infinity",
      "\"Mon compte Orange Money\" → Orange Money",
      "\"Le service OrangeWorld WAP\" → OrangeWorld",
      "\"L'application Orange Money Africa\" → App Orange Money",
      "\"Mon forfait Orange Perso\" → Orange Perso",
      "\"Le forfait internet mobile mois\" → Forfait Internet Mensuel",
      "\"Orange Bonus hebdomadaire au #131*8#\" → Orange Bonus Hebdomadaire",
      "\"Le simulateur de frais Orange Money\" → Simulateur Orange Money",
      "\"Ma ligne prépayée Orange\" → Ligne Prépayée",
      "\"Le forfait internet 24h\" → Forfait Internet 24h",
      "\"Transfert Orange Money CEMAC\" → Transfert International",
      "\"Mon abonnement Orange illimité\" → Forfait Illimité"
    ]
  },
  "categories": {
    "problemes_service": ["facturation", "paiement", "panne-reseau", "signal-faible", "consommation-data", "mobile-money", "transfert-credit", "suspension-service", "maxit", "maxit-om"],
    "support_technique": ["connectivite", "depannage", "codes-ussd", "problemes-sms", "appels-coupes", "enregistrement-reseau"],
    "gestion_compte": ["enregistrement-sim", "remplacement-sim", "portabilite-numero", "changement-tarif", "solde-compte", "mise-a-jour-kyc"],
    "produits": ["forfaits-data", "forfaits-voix", "appels-internationaux", "services-momo", "forfaits-internet", "offres-promotionnelles"],
    "mobile_money": ["transfert-om", "retrait-om", "transaction-echouee", "frais-om", "problemes-agent", "Orange Money"],
    "appareil_sim": ["blocage-sim", "echange-sim", "deverrouillage-appareil", "financement-telephone"]
  },
  "product_categories": {
    "data_products": ["forfait internet", "bundle data", "forfait illimité", "internet mobile", "wifi pocket", "clé internet"],
    "voice_products": ["forfait voix", "minutes gratuites", "appels illimités", "forfait international", "roaming"],
    "mobile_money": ["Orange Money", "MTN MoMo", "transfert d'argent", "retrait espèces", "dépôt argent", "paiement factures"],
    "bundles_packages": ["forfait mensuel", "forfait hebdomadaire", "forfait journalier", "pack étudiant", "forfait famille"],
    "value_added_services": ["SMS illimités", "sonneries", "jeux", "horoscope", "info trafic", "météo"],
    "devices": ["smartphone", "téléphone portable", "modem", "routeur", "accessoires"]
  }
}